{"cameraMode":{"drawMode":0,"name":"Shaded","section":"Shading Mode"},"sceneLighting":false,"audioPlay":false,"sceneViewState":{"showFog":true,"showMaterialUpdate":true,"showSkybox":false,"showFlares":true,"showImageEffects":true,"showParticleSystems":true},"in2DMode":false,"pivot":{"x":-0.24634528160095216,"y":0.3959146738052368,"z":-0.09004586935043335},"rotation":{"x":-0.262506365776062,"y":0.653740644454956,"z":-0.2598266005516052,"w":-0.6604573130607605},"size":2.5774548053741457,"orthographic":false}