{"cameraMode":{"drawMode":0,"name":"Shaded","section":"Shading Mode"},"sceneLighting":false,"audioPlay":false,"sceneViewState":{"showFog":true,"showMaterialUpdate":true,"showSkybox":false,"showFlares":true,"showImageEffects":true,"showParticleSystems":true},"in2DMode":false,"pivot":{"x":-0.0016189217567443848,"y":0.14773273468017579,"z":0.017387740314006807},"rotation":{"x":-0.033284690231084827,"y":0.03325982019305229,"z":-0.0011084649013355375,"w":-0.9988917112350464},"size":0.8656671643257141,"orthographic":false}