{"cameraMode":{"drawMode":0,"name":"Shaded","section":"Shading Mode"},"sceneLighting":false,"audioPlay":false,"sceneViewState":{"showFog":true,"showMaterialUpdate":true,"showSkybox":false,"showFlares":true,"showImageEffects":true,"showParticleSystems":true},"in2DMode":false,"pivot":{"x":-0.11168193817138672,"y":0.9400087594985962,"z":0.0548095703125},"rotation":{"x":-0.21383057534694673,"y":0.46605077385902407,"z":-0.11716573685407639,"w":-0.8504971861839294},"size":2.9666502475738527,"orthographic":false}