{"cameraMode":{"drawMode":0,"name":"Shaded","section":"Shading Mode"},"sceneLighting":false,"audioPlay":false,"sceneViewState":{"showFog":true,"showMaterialUpdate":true,"showSkybox":false,"showFlares":true,"showImageEffects":true,"showParticleSystems":true},"in2DMode":false,"pivot":{"x":1050.5517578125,"y":383.274169921875,"z":0.0},"rotation":{"x":-0.004190298728644848,"y":0.007495253812521696,"z":0.00003142857531202026,"w":0.9999631643295288},"size":233.34524536132813,"orthographic":false}