{"cameraMode":{"drawMode":0,"name":"Shaded","section":"Shading Mode"},"sceneLighting":false,"audioPlay":false,"sceneViewState":{"showFog":true,"showMaterialUpdate":true,"showSkybox":false,"showFlares":true,"showImageEffects":true,"showParticleSystems":true},"in2DMode":false,"pivot":{"x":-0.2554224729537964,"y":0.3069651126861572,"z":0.22264093160629273},"rotation":{"x":-0.21848206222057343,"y":0.682614803314209,"z":-0.22606241703033448,"w":-0.6596956849098206},"size":2.449824333190918,"orthographic":false}