{"cameraMode":{"drawMode":0,"name":"Shaded","section":"Shading Mode"},"sceneLighting":false,"audioPlay":false,"sceneViewState":{"showFog":true,"showMaterialUpdate":true,"showSkybox":false,"showFlares":true,"showImageEffects":true,"showParticleSystems":true},"in2DMode":false,"pivot":{"x":0.04860579967498779,"y":0.8921152949333191,"z":0.358028382062912},"rotation":{"x":0.2051503211259842,"y":0.6936033368110657,"z":-0.21707934141159059,"w":0.6555184125900269},"size":2.566690683364868,"orthographic":false}