{"cameraMode":{"drawMode":0,"name":"Shaded","section":"Shading Mode"},"sceneLighting":false,"audioPlay":false,"sceneViewState":{"showFog":true,"showMaterialUpdate":true,"showSkybox":false,"showFlares":true,"showImageEffects":true,"showParticleSystems":true},"in2DMode":false,"pivot":{"x":-348.7200622558594,"y":255.21832275390626,"z":10.135049819946289},"rotation":{"x":-0.026339270174503328,"y":-0.9731418490409851,"z":0.1443956196308136,"w":-0.17734485864639283},"size":42.171268463134769,"orthographic":false}