{"cameraMode":{"drawMode":0,"name":"Shaded","section":"Shading Mode"},"sceneLighting":false,"audioPlay":false,"sceneViewState":{"showFog":true,"showMaterialUpdate":true,"showSkybox":false,"showFlares":true,"showImageEffects":true,"showParticleSystems":true},"in2DMode":false,"pivot":{"x":-0.0842527449131012,"y":0.01872539520263672,"z":0.006600856781005859},"rotation":{"x":-0.021207449957728387,"y":0.9391216039657593,"z":-0.33782336115837099,"w":-0.058959878981113437},"size":0.9843208193778992,"orthographic":false}