{"cameraMode":{"drawMode":0,"name":"Shaded","section":"Shading Mode"},"sceneLighting":false,"audioPlay":false,"sceneViewState":{"showFog":true,"showMaterialUpdate":true,"showSkybox":false,"showFlares":true,"showImageEffects":true,"showParticleSystems":true},"in2DMode":false,"pivot":{"x":-0.6390416622161865,"y":0.738146185874939,"z":0.17891913652420045},"rotation":{"x":-0.08481261879205704,"y":0.6294651031494141,"z":-0.06940179318189621,"w":-0.7692620158195496},"size":3.5542280673980715,"orthographic":false}