{"cameraMode":{"drawMode":0,"name":"Shaded","section":"Shading Mode"},"sceneLighting":false,"audioPlay":false,"sceneViewState":{"showFog":true,"showMaterialUpdate":true,"showSkybox":false,"showFlares":true,"showImageEffects":true,"showParticleSystems":true},"in2DMode":false,"pivot":{"x":0.24741601943969727,"y":0.6695541739463806,"z":0.9754961133003235},"rotation":{"x":-0.14998365938663484,"y":0.7595208883285523,"z":-0.18853367865085603,"w":-0.6042251586914063},"size":1.8800318241119385,"orthographic":false}