{"cameraMode":{"drawMode":0,"name":"Shaded","section":"Shading Mode"},"sceneLighting":false,"audioPlay":false,"sceneViewState":{"showFog":true,"showMaterialUpdate":true,"showSkybox":false,"showFlares":true,"showImageEffects":true,"showParticleSystems":true},"in2DMode":false,"pivot":{"x":0.3721834421157837,"y":0.8936961889266968,"z":0.05165207386016846},"rotation":{"x":0.13327588140964509,"y":-0.6059002876281738,"z":0.10390841960906983,"w":0.7773837447166443},"size":1.950796365737915,"orthographic":false}