{"cameraMode":{"drawMode":0,"name":"Shaded","section":"Shading Mode"},"sceneLighting":false,"audioPlay":false,"sceneViewState":{"showFog":true,"showMaterialUpdate":true,"showSkybox":false,"showFlares":true,"showImageEffects":true,"showParticleSystems":true},"in2DMode":false,"pivot":{"x":0.015921831130981447,"y":0.26917409896850588,"z":0.16969168186187745},"rotation":{"x":0.19339516758918763,"y":-0.36854469776153567,"z":0.07862424850463867,"w":0.905864953994751},"size":3.0623254776000978,"orthographic":false}