{"cameraMode":{"drawMode":0,"name":"Shaded","section":"Shading Mode"},"sceneLighting":false,"audioPlay":false,"sceneViewState":{"showFog":true,"showMaterialUpdate":true,"showSkybox":false,"showFlares":true,"showImageEffects":true,"showParticleSystems":true},"in2DMode":false,"pivot":{"x":-0.5107122659683228,"y":1.139818787574768,"z":-0.18071413040161134},"rotation":{"x":-0.09285647422075272,"y":-0.7608007788658142,"z":0.11174969375133515,"w":-0.6325123906135559},"size":3.272481679916382,"orthographic":false}