{"cameraMode":{"drawMode":0,"name":"Shaded","section":"Shading Mode"},"sceneLighting":false,"audioPlay":false,"sceneViewState":{"showFog":true,"showMaterialUpdate":true,"showSkybox":false,"showFlares":true,"showImageEffects":true,"showParticleSystems":true},"in2DMode":false,"pivot":{"x":0.03264045715332031,"y":0.5398174524307251,"z":0.39923685789108279},"rotation":{"x":-0.20165099203586579,"y":0.701535701751709,"z":-0.21839040517807008,"w":-0.6476805806159973},"size":2.56669020652771,"orthographic":false}